membership_id,gym_id,expiry,[type]
P1,G1,10/06/2023,Standard
P2,G2,15/07/2023,Premium
P3,G3,20/08/2023,Standard
P4,G1,25/09/2023,Student
P5,G2,30/10/2023,Standard
P6,G3,20/11/2023,Premium
P7,G1,05/12/2023,Student
P8,G2,10/01/2024,Premium
P9,G3,15/02/2024,Standard
P10,G1,20/03/2024,Student
P11,G2,25/04/2024,Premium
P12,G3,30/05/2024,Standard
P13,G1,05/06/2024,Student
P14,G2,10/07/2024,Premium
P15,G3,15/08/2024,Standard
P16,G1,20/09/2024,Student
P17,G2,25/10/2024,Premium
P18,G3,30/11/2024,Standard
P19,G1,05/12/2024,Student
P20,G2,10/01/2025,Premium
P21,G3,15/02/2025,Standard
P22,G1,20/03/2025,Student
P23,G2,25/04/2025,Premium
P24,G3,30/05/2025,Standard
P25,G1,05/06/2025,Student
P26,G2,01/08/2023,Standard
P27,G3,15/10/2023,Premium
P28,G1,20/12/2023,Student
P29,G2,05/02/2024,Premium
P30,G3,10/04/2024,Standard
P31,G1,15/06/2024,Student
P32,G2,20/08/2024,Premium
P33,G3,25/10/2024,Standard
P34,G1,01/12/2024,Student
P35,G2,10/02/2025,Premium
P36,G3,15/04/2025,Standard
P37,G1,05/09/2023,Student
P38,G2,20/05/2024,Premium
P39,G3,10/12/2023,Standard
P40,G1,05/07/2024,Student
P41,G2,20/02/2025,Premium
P42,G3,20/10/2023,Standard
P43,G1,30/08/2024,Student
P44,G2,15/01/2024,Premium
P45,G3,25/06/2023,Standard
P46,G1,01/03/2025,Student
P47,G2,15/09/2023,Premium
P48,G3,28/02/2024,Standard
P49,G1,15/01/2025,Student
P50,G2,20/06/2024,Premium
