trainer_id,[name],username,[password],email,experience,clients,rating
T1,Usman Ahmed,usman_ahmed,P@ssw0rd1,usman.ahmed@gmail.com,5 years,15,4.5
T2,Fatima Khan,fatima_khan,SecuReP@ss2,fatima.khan@gmail.com,8 years,25,4.8
T3,Hamza Malik,hamza_malik,Hamz@P@ss3,hamza.malik@gmail.com,6 years,20,4.7
T4,Zara Iqbal,zara_iqbal,ZaraP@ss4,zara.iqbal@gmail.com,7 years,30,4.9
T5,Saad Raza,saad_raza,SaadP@ss5,saad.raza@gmail.com,4 years,10,4.4
T6,Nadia Farooq,nadia_farooq,NadiaP@ss6,nadia.farooq@gmail.com,6 years,18,4.6
T7,Usman Qureshi,usman_qureshi,UsmanP@ss7,usman.qureshi@gmail.com,5 years,12,4.5
T8,Faiza Hussain,faiza_hussain,FaizaP@ss8,faiza.hussain@gmail.com,7 years,25,4.7
T9,Rabia Shaikh,rabia_shaikh,RabiaP@ss9,rabia.shaikh@gmail.com,4 years,10,4.4
T10,Hasan Bashir,hasan_bashir,HasanP@ss10,hasan.bashir@gmail.com,8 years,20,4.8
T11,Sara Javed,sara_javed,SaraP@ss11,sara.javed@gmail.com,5 years,15,4.6
T12,Arif Rafiq,arif_rafiq,ArifP@ss12,arif.rafiq@gmail.com,6 years,18,4.6
T13,Sadia Khan,sadia_khan,SadiaP@ss13,sadia.khan@gmail.com,7 years,30,4.9
T14,Waqas Raza,waqas_raza,WaqasP@ss14,waqas.raza@gmail.com,8 years,25,4.8
T15,Iqra Ahmed,iqra_ahmed,IqraP@ss15,iqra.ahmed@gmail.com,4 years,10,4.4
T16,Nabeel Malik,nabeel_malik,NabeelP@ss16,nabeel.malik@gmail.com,6 years,18,4.6
T17,Saima Saeed,saima_saeed,SaimaP@ss17,saima.saeed@gmail.com,5 years,15,4.6
T18,Sameer Qureshi,sameer_qureshi,SameerP@ss18,sameer.qureshi@gmail.com,7 years,30,4.9
T19,Zainab Malik,zainab_malik,ZainabP@ss19,zainab.malik@gmail.com,8 years,25,4.8
T20,Kamran Hussain,kamran_hussain,KamranP@ss20,kamran.hussain@gmail.com,5 years,15,4.6
T21,Nida Rehman,nida_rehman,NidaP@ss21,nida.rehman@gmail.com,7 years,25,4.7
T22,Zoya Rafiq,zoya_rafiq,ZoyaP@ss22,zoya.rafiq@gmail.com,4 years,10,4.4
T23,Ammar Ali,ammar_ali,AmmarP@ss23,ammar.ali@gmail.com,6 years,20,4.7
T24,Rabia Ahmed,rabia_ahmed,RabiaP@ss24,rabia.ahmed@gmail.com,8 years,25,4.8
T25,Waleed Raza,waleed_raza,WaleedP@ss25,waleed.raza@gmail.com,5 years,15,4.6
T26,Safia Iqbal,safia_iqbal,SafiaP@ss26,safia.iqbal@gmail.com,7 years,30,4.9
T27,Awais Farooq,awais_farooq,AwaisP@ss27,awais.farooq@gmail.com,8 years,25,4.8
T28,Sumaira Malik,sumaira_malik,SumairaP@ss28,sumaira.malik@gmail.com,6 years,18,4.7
T29,Hamza Ahmed,hamza_ahmed,HamzaP@ss29,hamza.ahmed@gmail.com,5 years,15,4.6
T30,Zara Saeed,zara_saeed,ZaraP@ss30,zara.saeed@gmail.com,7 years,30,4.9
T31,Junaid Raza,junaid_raza,JunaidP@ss31,junaid.raza@gmail.com,8 years,25,4.8
T32,Fariha Khan,fariha_khan,FarihaP@ss32,fariha.khan@gmail.com,4 years,10,4.4
T33,Fahad Malik,fahad_malik,FahadP@ss33,fahad.malik@gmail.com,6 years,20,4.7
T34,Sumaira Khan,sumaira_khan,SumairaP@ss34,sumaira.khan@gmail.com,7 years,30,4.9
T35,Shahzaib Ali,shahzaib_ali,ShahzaibP@ss35,shahzaib.ali@gmail.com,8 years,25,4.8
T36,Amna Qureshi,amna_qureshi,AmnaP@ss36,amna.qureshi@gmail.com,5 years,15,4.6
T37,Arshad Ahmed,arshad_ahmed,ArshadP@ss37,arshad.ahmed@gmail.com,6 years,20,4.7
T38,Hina Saeed,hina_saeed,HinaP@ss38,hina.saeed@gmail.com,7 years,30,4.9
T39,Usama Rafiq,usama_rafiq,UsamaP@ss39,usama.rafiq@gmail.com,8 years,25,4.8
T40,Zubair Khan,zubair_khan,ZubairP@ss40,zubair.khan@gmail.com,5 years,15,4.6
T41,Khadija Ali,khadija_ali,KhadijaP@ss41,khadija.ali@gmail.com,4 years,10,4.4
T42,Rahat Malik,rahat_malik,RahatP@ss42,rahat.malik@gmail.com,7 years,30,4.9
T43,Ibrahim Raza,ibrahim_raza,IbrahimP@ss43,ibrahim.raza@gmail.com,8 years,25,4.8
T44,Anum Ahmed,anum_ahmed,AnumP@ss44,anum.ahmed@gmail.com,5 years,15,4.6
T45,Irum Saeed,irum_saeed,IrumP@ss45,irum.saeed@gmail.com,6 years,20,4.7
T46,Nazia Qureshi,nazia_qureshi,NaziaP@ss46,nazia.qureshi@gmail.com,7 years,30,4.9
T47,Hasnain Khan,hasnain_khan,HasnainP@ss47,hasnain.khan@gmail.com,8 years,25,4.8
T48,Maryam Malik,maryam_malik,MaryamP@ss48,maryam.malik@gmail.com,6 years,20,4.7
T49,Azhar Ahmed,azhar_ahmed,AzharP@ss49,azhar.ahmed@gmail.com,5 years,15,4.6
T50,Safdar Qureshi,safdar_qureshi,SafdarP@ss50,safdar.qureshi@gmail.com,7 years,30,4.9
